{
    "$schema": "https://schema.management.azure.com/schemas/2015-01-01/deploymentParameters.json#",
    "contentVersion": "1.0.0.0",
    "parameters": {
        "logicAppApiVersion": {
            "value": "2016-10-01"
        },
        "workflowName": {
            "value": "LexiXLogic"
        },
        "workflowLocation": {
            "value": "eastus"
        },
        "workflowSchema": {
            "value": "https://schema.management.azure.com/providers/Microsoft.Logic/schemas/2016-06-01/workflowdefinition.json#"
        },
        "tags": {
            "value": {
                "CosmosAccountType": "Production",
                "defaultExperience": "Core (SQL)",
                "ms-resource-usage": "azure-cloud-shell"
            }
        },
        "diagnosticsApiVersion": {
            "value": "2016-09-01"
        },
        "omsWorkspaceId": {
            "value": "/subscriptions/fb8c91ff-9384-4608-9596-27a3abab794f/resourcegroups/defaultresourcegroup-cus/providers/microsoft.operationalinsights/workspaces/defaultworkspace-fb8c91ff-9384-4608-9596-27a3abab794f-cus"
        },
        "omsSolutionApiVersion": {
            "value": "2015-11-01-preview"
        },
        "resourceDeploymentApiVersion": {
            "value": "2017-05-10"
        },
        "omsSolutionLocation": {
            "value": "Central US"
        },
        "omsSolutionName": {
            "value": "LogicAppsManagement"
        },
        "omsWorkspaceName": {
            "value": "DefaultWorkspace-fb8c91ff-9384-4608-9596-27a3abab794f-CUS"
        },
        "omsWorkspaceResourceGroupName": {
            "value": "defaultresourcegroup-cus"
        }
    }
}