{
    "$schema": "https://schema.management.azure.com/schemas/2014-04-01-preview/deploymentTemplate.json#",
    "contentVersion": "1.0.0.0",
    "parameters": {
        "logicAppApiVersion": {
            "type": "string"
        },
        "workflowName": {
            "type": "string"
        },
        "workflowLocation": {
            "type": "string"
        },
        "workflowSchema": {
            "type": "string"
        },
        "logicAppState": {
            "type": "string",
            "defaultValue": "Enabled"
        },
        "definition": {
            "type": "string",
            "defaultValue": "[concat('{\"contentVersion\":\"1.0.0.0\",\"parameters\":{},\"actions\":{},\"triggers\":{},\"outputs\":{},\"$schema\":\"', parameters('workflowSchema'), '\"}')]"
        },
        "parameters": {
            "type": "object",
            "defaultValue": {}
        },
        "diagnosticsApiVersion": {
            "type": "string"
        },
        "omsWorkspaceId": {
            "type": "string"
        },
        "retentionPolicyEnabled": {
            "type": "bool",
            "defaultValue": false
        },
        "logsEnabled": {
            "type": "bool",
            "defaultValue": true
        },
        "retentionDays": {
            "type": "int",
            "defaultValue": 0
        },
        "omsSolutionApiVersion": {
            "type": "string"
        },
        "omsSolutionLocation": {
            "type": "string"
        },
        "omsSolutionName": {
            "type": "string"
        },
        "omsWorkspaceName": {
            "type": "string"
        },
        "resourceDeploymentApiVersion": {
            "type": "string",
            "defaultValue": "2017-05-10"
        },
        "omsWorkspaceResourceGroupName": {
            "type": "string",
            "defaultValue": "[split(parameters('omsWorkspaceId'),'/')[4]]"
        },
        "tags": {
            "type": "object",
            "defaultValue": {}
        },
        "identity": {
            "type": "object",
            "defaultValue": {}
        }
    },
    "variables": {
        "omsWorkspaceResourceId": "[resourceId(subscription().subscriptionId, parameters('omsWorkspaceResourceGroupName'), 'Microsoft.OperationalInsights/workspaces', parameters('omsWorkspaceName'))]"
    },
    "resources": [
        {
            "apiVersion": "[parameters('logicAppApiVersion')]",
            "name": "[parameters('workflowName')]",
            "type": "Microsoft.Logic/workflows",
            "location": "[parameters('workflowLocation')]",
            "tags": "[parameters('tags')]",
            "identity": "[if(empty(parameters('identity')), json('null'), parameters('identity'))]",
            "properties": {
                "definition": "[json(parameters('definition'))]",
                "parameters": "[parameters('parameters')]",
                "state": "[parameters('logicAppState')]"
            },
            "resources": [
                {
                    "apiVersion": "[parameters('diagnosticsApiVersion')]",
                    "type": "providers/diagnosticSettings",
                    "name": "microsoft.insights/service",
                    "properties": {
                        "storageAccountId": null,
                        "serviceBusRuleId": null,
                        "workspaceId": "[variables('omsWorkspaceResourceId')]",
                        "eventHubAuthorizationRuleId": null,
                        "eventHubName": null,
                        "metrics": [
                            {
                                "timeGrain": "AllMetrics",
                                "category": "AllMetrics",
                                "enabled": "[parameters('logsEnabled')]",
                                "retentionPolicy": {
                                    "enabled": "[parameters('retentionPolicyEnabled')]",
                                    "days": "[parameters('retentionDays')]"
                                }
                            }
                        ],
                        "logs": [
                            {
                                "category": "WorkflowRuntime",
                                "enabled": "[parameters('logsEnabled')]",
                                "retentionPolicy": {
                                    "enabled": "[parameters('retentionPolicyEnabled')]",
                                    "days": "[parameters('retentionDays')]"
                                }
                            }
                        ]
                    },
                    "identity": null,
                    "dependsOn": [
                        "[concat('Microsoft.Logic/workflows/', parameters('workflowName'))]"
                    ]
                }
            ]
        },
        {
            "apiVersion": "[parameters('resourceDeploymentApiVersion')]",
            "name": "omsSolutionTemplate",
            "type": "Microsoft.Resources/deployments",
            "resourceGroup": "[parameters('omsWorkspaceResourceGroupName')]",
            "properties": {
                "mode": "Incremental",
                "template": {
                    "$schema": "https://schema.management.azure.com/schemas/2015-01-01/deploymentTemplate.json#",
                    "contentVersion": "1.0.0.0",
                    "parameters": {},
                    "variables": {},
                    "resources": [
                        {
                            "apiVersion": "[parameters('omsSolutionApiVersion')]",
                            "type": "Microsoft.OperationsManagement/solutions",
                            "location": "[parameters('omsSolutionLocation')]",
                            "name": "[Concat(parameters('omsSolutionName'), '(', parameters('omsWorkspaceName'), ')')]",
                            "properties": {
                                "workspaceResourceId": "[variables('omsWorkspaceResourceId')]"
                            },
                            "plan": {
                                "name": "[Concat(parameters('omsSolutionName'), '(', parameters('omsWorkspaceName'), ')')]",
                                "product": "[Concat('OMSGallery/', parameters('omsSolutionName'))]",
                                "promotionCode": "",
                                "publisher": "Microsoft"
                            }
                        }
                    ]
                },
                "parameters": {}
            }
        }
    ]
}